1,profile01.png,teacher,$2y$10$ZAIY6gMxbPoJNNx0J3KIk.CQEK0GtVelwKbb2gTgiuaLluaWj/4q2,김선생,01012341234,green1@green.com,202406EC01,2024-06-01
2,profile02.png,teacher2,$2y$10$ZAIY6gMxbPoJNNx0J3KIk.CQEK0GtVelwKbb2gTgiuaLluaWj/4q2,나교수,01012341235,green2@green.com,202406EC02,2024-06-02
3,profile03.png,teacher3,$2y$10$ZAIY6gMxbPoJNNx0J3KIk.CQEK0GtVelwKbb2gTgiuaLluaWj/4q2,박선생,01012341236,green3@green.com,202406EC03,2024-06-03
4,profile04.png,teacher4,$2y$10$ZAIY6gMxbPoJNNx0J3KIk.CQEK0GtVelwKbb2gTgiuaLluaWj/4q2,홍박사,01012341237,green4@green.com,202406EC04,2024-06-04
5,profile05.png,student1,$2y$10$ZAIY6gMxbPoJNNx0J3KIk.CQEK0GtVelwKbb2gTgiuaLluaWj/4q2,이학생,01012341238,green5@green.com,,2024-06-05
6,profile06.png,student2,$2y$10$ZAIY6gMxbPoJNNx0J3KIk.CQEK0GtVelwKbb2gTgiuaLluaWj/4q2,이초보,01012341239,green6@green.com,,2024-06-06
7,profile07.png,student3,$2y$10$ZAIY6gMxbPoJNNx0J3KIk.CQEK0GtVelwKbb2gTgiuaLluaWj/4q2,이프로,01012341240,green7@green.com,,2024-06-07
8,profile08.png,student4,$2y$10$ZAIY6gMxbPoJNNx0J3KIk.CQEK0GtVelwKbb2gTgiuaLluaWj/4q2,김초보,01012341241,green8@green.com,,2024-06-08
9,profile09.png,student5,$2y$10$ZAIY6gMxbPoJNNx0J3KIk.CQEK0GtVelwKbb2gTgiuaLluaWj/4q2,김프로,01012341242,green9@green.com,,2024-06-09
10,profile10.png,student6,$2y$10$ZAIY6gMxbPoJNNx0J3KIk.CQEK0GtVelwKbb2gTgiuaLluaWj/4q2,박프로,01012341243,green10@green.com,,2024-06-10
11,profile11.png,student7,$2y$10$ZAIY6gMxbPoJNNx0J3KIk.CQEK0GtVelwKbb2gTgiuaLluaWj/4q2,박초보,01012341244,green11@green.com,,2024-06-11
12,profile12.png,student8,$2y$10$ZAIY6gMxbPoJNNx0J3KIk.CQEK0GtVelwKbb2gTgiuaLluaWj/4q2,김박사,01012341245,green12@green.com,,2024-06-12
13,profile13.png,student9,$2y$10$ZAIY6gMxbPoJNNx0J3KIk.CQEK0GtVelwKbb2gTgiuaLluaWj/4q2,김학생,01012341246,green13@green.com,,2024-06-13
14,profile14.png,student10,$2y$10$ZAIY6gMxbPoJNNx0J3KIk.CQEK0GtVelwKbb2gTgiuaLluaWj/4q2,나학생,01012341247,green14@green.com,,2024-06-14
15,profile15.png,student11,$2y$10$ZAIY6gMxbPoJNNx0J3KIk.CQEK0GtVelwKbb2gTgiuaLluaWj/4q2,양학생,01012341248,green15@green.com,,2024-06-15
16,profile16.png,student12,$2y$10$ZAIY6gMxbPoJNNx0J3KIk.CQEK0GtVelwKbb2gTgiuaLluaWj/4q2,채학생,01012341249,green16@green.com,,2024-06-16
17,profile17.png,student13,$2y$10$ZAIY6gMxbPoJNNx0J3KIk.CQEK0GtVelwKbb2gTgiuaLluaWj/4q2,채프로,01012341250,green17@green.com,,2024-06-17
18,profile18.png,student14,$2y$10$ZAIY6gMxbPoJNNx0J3KIk.CQEK0GtVelwKbb2gTgiuaLluaWj/4q2,김요리,01012341251,green18@green.com,,2024-06-18
19,profile19.png,student15,$2y$10$ZAIY6gMxbPoJNNx0J3KIk.CQEK0GtVelwKbb2gTgiuaLluaWj/4q2,나천재,01012341252,green19@green.com,,2024-06-19
20,profile20.png,student16,$2y$10$ZAIY6gMxbPoJNNx0J3KIk.CQEK0GtVelwKbb2gTgiuaLluaWj/4q2,최초보,01012341253,green20@green.com,,2024-06-20
21,profile21.png,student17,$2y$10$ZAIY6gMxbPoJNNx0J3KIk.CQEK0GtVelwKbb2gTgiuaLluaWj/4q2,최프로,01012341254,green21@green.com,,2024-06-21
22,profile22.png,student18,$2y$10$ZAIY6gMxbPoJNNx0J3KIk.CQEK0GtVelwKbb2gTgiuaLluaWj/4q2,최천재,01012341255,green22@green.com,,2024-06-22
23,profile23.png,student19,$2y$10$ZAIY6gMxbPoJNNx0J3KIk.CQEK0GtVelwKbb2gTgiuaLluaWj/4q2,양천채,01012341256,green23@green.com,,2024-06-23
24,profile24.png,student20,$2y$10$ZAIY6gMxbPoJNNx0J3KIk.CQEK0GtVelwKbb2gTgiuaLluaWj/4q2,하초보,01012341257,green24@green.com,,2024-06-24
