no,id,password,name,phone,email,teacher_code,datetime,profile
1,teacher,$2y$10$ZAIY6gMxbPoJNNx0J3KIk.CQEK0GtVelwKbb2gTgiuaLluaWj/4q2,김선생,01012341234,green1@green.com,202406EC01,2024-06-01,profile01.png
2,teacher2,$2y$10$ZAIY6gMxbPoJNNx0J3KIk.CQEK0GtVelwKbb2gTgiuaLluaWj/4q2,나교수,01012341235,green2@green.com,202406EC02,2024-06-02,profile02.png
3,teacher3,$2y$10$ZAIY6gMxbPoJNNx0J3KIk.CQEK0GtVelwKbb2gTgiuaLluaWj/4q2,박선생,01012341236,green3@green.com,202406EC03,2024-06-03,profile03.png
4,teacher4,$2y$10$ZAIY6gMxbPoJNNx0J3KIk.CQEK0GtVelwKbb2gTgiuaLluaWj/4q2,홍박사,01012341237,green4@green.com,202406EC04,2024-06-04,profile04.png
5,student1,$2y$10$ZAIY6gMxbPoJNNx0J3KIk.CQEK0GtVelwKbb2gTgiuaLluaWj/4q2,이학생,01012341238,green5@green.com,,2024-06-05,profile05.png
6,student2,$2y$10$ZAIY6gMxbPoJNNx0J3KIk.CQEK0GtVelwKbb2gTgiuaLluaWj/4q2,이초보,01012341239,green6@green.com,,2024-06-06,profile06.png
7,student3,$2y$10$ZAIY6gMxbPoJNNx0J3KIk.CQEK0GtVelwKbb2gTgiuaLluaWj/4q2,이프로,01012341240,green7@green.com,,2024-06-07,profile07.png
8,student4,$2y$10$ZAIY6gMxbPoJNNx0J3KIk.CQEK0GtVelwKbb2gTgiuaLluaWj/4q2,김초보,01012341241,green8@green.com,,2024-06-08,profile08.png
9,student5,$2y$10$ZAIY6gMxbPoJNNx0J3KIk.CQEK0GtVelwKbb2gTgiuaLluaWj/4q2,김프로,01012341242,green9@green.com,,2024-06-09,profile09.png
10,student6,$2y$10$ZAIY6gMxbPoJNNx0J3KIk.CQEK0GtVelwKbb2gTgiuaLluaWj/4q2,박프로,01012341243,green10@green.com,,2024-06-10,profile10.png
11,student7,$2y$10$ZAIY6gMxbPoJNNx0J3KIk.CQEK0GtVelwKbb2gTgiuaLluaWj/4q2,박초보,01012341244,green11@green.com,,2024-06-11,profile11.png
12,student8,$2y$10$ZAIY6gMxbPoJNNx0J3KIk.CQEK0GtVelwKbb2gTgiuaLluaWj/4q2,김박사,01012341245,green12@green.com,,2024-06-12,profile12.png
13,student9,$2y$10$ZAIY6gMxbPoJNNx0J3KIk.CQEK0GtVelwKbb2gTgiuaLluaWj/4q2,김학생,01012341246,green13@green.com,,2024-06-13,profile13.png
14,student10,$2y$10$ZAIY6gMxbPoJNNx0J3KIk.CQEK0GtVelwKbb2gTgiuaLluaWj/4q2,나학생,01012341247,green14@green.com,,2024-06-14,profile14.png
15,student11,$2y$10$ZAIY6gMxbPoJNNx0J3KIk.CQEK0GtVelwKbb2gTgiuaLluaWj/4q2,양학생,01012341248,green15@green.com,,2024-06-15,profile15.png
16,student12,$2y$10$ZAIY6gMxbPoJNNx0J3KIk.CQEK0GtVelwKbb2gTgiuaLluaWj/4q2,채학생,01012341249,green16@green.com,,2024-06-16,profile16.png
17,student13,$2y$10$ZAIY6gMxbPoJNNx0J3KIk.CQEK0GtVelwKbb2gTgiuaLluaWj/4q2,채프로,01012341250,green17@green.com,,2024-06-17,profile17.png
18,student14,$2y$10$ZAIY6gMxbPoJNNx0J3KIk.CQEK0GtVelwKbb2gTgiuaLluaWj/4q2,김요리,01012341251,green18@green.com,,2024-06-18,profile18.png
19,student15,$2y$10$ZAIY6gMxbPoJNNx0J3KIk.CQEK0GtVelwKbb2gTgiuaLluaWj/4q2,나천재,01012341252,green19@green.com,,2024-06-19,profile19.png
20,student16,$2y$10$ZAIY6gMxbPoJNNx0J3KIk.CQEK0GtVelwKbb2gTgiuaLluaWj/4q2,최초보,01012341253,green20@green.com,,2024-06-20,profile20.png
21,student17,$2y$10$ZAIY6gMxbPoJNNx0J3KIk.CQEK0GtVelwKbb2gTgiuaLluaWj/4q2,최프로,01012341254,green21@green.com,,2024-06-21,profile21.png
22,student18,$2y$10$ZAIY6gMxbPoJNNx0J3KIk.CQEK0GtVelwKbb2gTgiuaLluaWj/4q2,최천재,01012341255,green22@green.com,,2024-06-22,profile22.png
23,student19,$2y$10$ZAIY6gMxbPoJNNx0J3KIk.CQEK0GtVelwKbb2gTgiuaLluaWj/4q2,양천채,01012341256,green23@green.com,,2024-06-23,profile23.png
24,student20,$2y$10$ZAIY6gMxbPoJNNx0J3KIk.CQEK0GtVelwKbb2gTgiuaLluaWj/4q2,하초보,01012341257,green24@green.com,,2024-06-24,profile24.png
